{"cameraMode":{"drawMode":0,"name":"Shaded","section":"Shading Mode"},"sceneLighting":true,"audioPlay":false,"sceneViewState":{"showFog":true,"showMaterialUpdate":true,"showSkybox":true,"showFlares":true,"showImageEffects":true,"showParticleSystems":true},"in2DMode":false,"pivot":{"x":-7.333207130432129,"y":1.0467960834503174,"z":-1.5021493434906006},"rotation":{"x":-0.04265725985169411,"y":0.9569624662399292,"z":-0.2163170427083969,"w":-0.1887102872133255},"size":3.5459394454956056,"orthographic":false}